#,Name,Email,Wallet Address,Transaction,Action,Rating
1,Aarav Sharma,aaravsharma@gmail.com,GCATKV5L4B7FVETXSPEC53H7TYZKBDAG7FLEYORZ7BBGW3ABJWSDH5DB,128ebd88f13d603f6852d43a5f6d63f5a973e06494ff54bb80a5cee1f70c5f2e,Donate,5
2,Vivaan Patel,vivaanpatel@gmail.com,GAZ7RTH666WKP3XLXEG3Y4X7TPV565GJI3TSHKX3BLW643Q4CD57RPQO,adbda18cff9d27b898858bfc5a15bb8ac976925b4e301717cda2d3fa7f53c1b6,Donate,5
3,Aditya Singh,adityasingh@gmail.com,GDTCN7HCELQC2CIDJHSQFMH2SIQDQ2EZZ5T57FUJZOZCAXJUY3ET3YTZ,edcb9d35e6a8c3fd56a1f2fc559e735d88df6c691116e34097333c29f272d520,Donate,4
4,Arjun Verma,arjunverma@gmail.com,GBPDJCY6SOYWXPFSBD66UTIQUJITD5C62AVLP463PV4VSXQ2I6FWRRAG,75a2ef0025880e4524a12b84f50c920ffaadfa59d2efd29a133a637809e3a03f,Donate,5
5,Ananya Mehta,ananyamehta@gmail.com,GBDJPNKY37UFFESUPM6ORTKULLGIYPEDDTFUTS74IK75HL5ELNCYHYFE,28c9ddb1974e0ab136c30d0080644ad5e8a1ddd113f2d39961b18e71f356c383,Donate,5
6,Rohan Gupta,rohangupta@gmail.com,GD4YU7LP4BT6ON4TUO7B54SR7TF4LAVVSFLTE2SOQ2QTLG6XRQSC4JPE,f1978c0847b3663332869e939e7791ac776432032d94d897d3a96385e72a24cd,Donate,4
7,Ishita Joshi,ishitajoshi@gmail.com,GDPG6QCUU3JBHAEH7AMHJ42D3JUBQ6T2UYADUDWVL7DRIJC7ZAED5FJE,5a5789150125ca5d94d4bdc2fd488dd9ad0c4176b5275ce696b3e62b9897afd4,Donate,3
8,Karan Malhotra,karanmalhotra@gmail.com,GAUOWTLPVRTO7PXHA3ASIGBNFVJQMA2QE66RY462FUVRMQC2VUA3JM7N,47ef7142f10ab28b0c9c4fa148ab183c556b6cb3543d6ace16a3c2c6183941e4,Donate,5
9,Priya Kapoor,priyakapoor@gmail.com,GCQWIVYTFTNJDGE6TXBFIP3TMCIKZ47VCQCFNKVNAF6ZQIBGI7HFUYJ6,aa581217ca80d17eba05c1ce0a697e009b8f328f1517634b0c10b5ab11717dfe,Donate,4
10,Rajesh Kumar,rajeshkumar@gmail.com,GCUDMDE6TXLVUGSKVMULDZM54GDEN6FKMQSZHH47NJD6AJT7CHKCDLCE,2845b8d658b84dac36dd482845534e4335a626c4b5bb588c274b79793854423d,Donate,5
11,Suresh Iyer,sureshiyer@gmail.com,GCWE23HBQ5KVE6INJ6JDXZVSVID6KE2BQFYXBFEHBDMMH7VFGBGKEOJO,20672d49fbe8de0a9e860aba9dc0091342d04886c5928d932e8e2065988298c0,Donate,5
12,Aishwarya Saxena,aishwaryasaxena@gmail.com,GCFJOUEW3R5MS5PLCB3AGE2OI4JU7AHF5QDPZBEJDGSPBS5AOGD7DU4U,746bdc7bc9cc221110f6aeca5ffe3c5b777b4526d660a632565c0c9974a6d1c9,Donate,4
13,Deepak Chawla,deepakchawla@gmail.com,GAEWTGXCFIVJSXP4P72FNTRAO7RJ6XKYM2QX2JMQXJLYC6BVRHMNQ77R,e623cb0fcebea78354d5fd50c89f24bc49da128ed91ff2219572603cd3920248,Donate,5
14,Manoj Tiwari,manojtiwari@gmail.com,GAORDXNQD47KO36BUYN4IC3NBXFRVQCPBOCZ7NGL6H7EKXFSXV3FGGBU,20698c56effe2afe3fa946cf8c86fdd97da24452a4f81d09b688bcbf09998fed,Donate,3
15,Nikhil Deshmukh,nikhildeshmukh@gmail.com,GAI2B4SMRU4G2HQHMHOAWNF4OUCY5BLBNSGRNK6YYFWJ32PTIG6HU5FG,5f0291286058d4be7cbf0a93e4ccd8565af2105160a4eb29718dad97153ff848,Donate,4
16,Priyanka Kulkarni,priyankakulkarni@gmail.com,GAS6H5X5UX6OFOKZXEKGFZJPGJMB6NSNWX2ZQACONJDL4MWTAOWD77SP,a7ed96a374a9e77a29da9fdca944fa537c9d7277f28c8199ead4a40e362e23b4,Donate,5
17,Sanjay Bhat,sanjaybhat@gmail.com,GBJGPUBLND3ANX42O45SHVYFDVXODUYJYAFN7RVMCGXSNHL354T3V6IY,354294aca0a22923aa3792a1a27bda3d3c7bb2f282f3246e199e665d6ac00153,Donate,5
18,Sunil Reddy,sunilreddy@gmail.com,GCEVA6CNPTO3MEKFSEWK3NIOLIUIIGOQD4NCAZU3HMA2O6VVM6LQJHGB,fa1f8704b2286063722036b6651f672d20a4d6c3dbb89787a898cc1f4fdb37e9,Donate,4
19,Divya Rao,divyarao@gmail.com,GAHFEWJP3XFWT776IVPIRGTSN7AFQR2IC4RH47HA6RAHBY4T5KCAMWGS,e5bbe684ca6c1f402166bb5078adfe3915443c79839829c09b5f1660a8596134,Donate,5
20,Ankit Agrawal,ankitagrawal@gmail.com,GDTDOFHIYZKGRFKGW5OGJ24I4CTKVR2KRZYNHYFM3WIRWXZAWQPZVMKJ,00ebc8d95879cd2ffa15f09483a79d9cadbd95bcbf19643fcefef998e980c108,Donate,5
21,Ravi Menon,ravimenon@gmail.com,GCCERCXDUOUAQLXVT2JNHUEH2M3RAGFKRBJD74RRB6ABXOCA5WCUYD2H,d7eaaaff728930aad472cc8a1e177ffb1189bc8ccab4b444f6e6c57787dd8bf0,Donate,3
22,Ashok Pillai,ashokpillai@gmail.com,GAFURLD7NNRBPOQ6QFA5FQT76NPODHRER2VX63EKXR7FEYLENZSBJ5HR,afad95d78ebefde52c43d6bacbb23f5e51accd269275116c7568ead5aca1b575,Donate,5
23,Kavya Bansal,kavyabansal@gmail.com,GCQBLDTZPIAF22ELRFBRJ6KWGBIMNMSFXYNPFSZ5JOKEN7NN65NGZIDO,90634e2bced99b0a7925cd3ff85e0872549cb5207c54ff248e82791b119f2057,Donate,5
24,Nitin Goyal,nitingoyal@gmail.com,GAE7LOFBDP2CWRINHXPIPRMD75UDQZR5WJENK4TGHVPWZ4JN5HVI2YNE,9fc65f231fd03294471322babe05965020bbe01d111b511255d66db637a31ddc,Donate,4
25,Pradeep Mishra,pradeepmishra@gmail.com,GA3DCXYX3ASDXLXAE7D2OL2MWBZMEPDMPSFSRIZ4SBYM35A3IOUZFPPB,671987b166984f56f97dca6147437324b8f60ed488c1bca2996686260bfead6d,Donate,5
26,Sneha Kale,snehakale@gmail.com,GBFCRHWB72VQW5AT5EIVT35E3QBPTCWVYVXZ4XRGP44VLIQVBKNIPDT3,fc0ccfa203c59470bb5fd3a593c958df97758ee9a3612c89e29b55b228c582ac,Donate,5
27,Gaurav Khanna,gauravkhanna@gmail.com,GAPXTSBPIL7YCD6SNHFJN44OAZOS26JIVJPZLOVACB3TV6LWYZ2CMN45,328c526fe25b5576b8d5cca4754abbc183ea95af5f299c89f508e87b8bdc9407,Donate,3
28,Harsh Vardhan,harshvardhan@gmail.com,GCKUONP7KBQXY7PNESN6H7NQQR22SNLJSIO4KWBCMH6ZO76DDGOAZGFB,841e424c263edf7bae01aa6a57860e69105560115c930d888323a880760c68b0,Donate,4
29,Ishaan Bose,ishaanbose@gmail.com,GALIO7ZG5SYM2XZPBRM5FTF3D5BUIGGMXT5WP6GGOYLZ3CJRHDAA3J2V,3f51906a79dd90870f1370809e9106c8563bde978b32fcb75aa2c7add10d55da,Donate,5
30,Kartik Shah,kartikshah@gmail.com,GBAUPDHIWP3UYJHUJF22G4N2IMRGR5SJ4YKZ2JMBXS2IQEWS33D5XDVT,16147efa647f490a508e0e13f448e479caeebdaadf7a0f158f5520e74e843bad,Donate,4
31,Yash Choudhary,yashchoudhary@gmail.com,GCC2CBPR57ZMQWBDAXIGQE2KCQD3G6O6ZKG2RFEF4Q6CTXWUM7QKYDAO,0df9233986eebbc2ab3d518c8cc66e376efb28a69f3c21deb8146bc05107764d,Donate,5
32,Meera Pandey,meerapandey@gmail.com,GDCDAIMPNKBJXWVDPDYCZOIQ5MKW3ZWFRSPIVFKERCLYJC4CWMPQ7LP5,d02944b32879003884810d8fa161a55e349f9daea681b139cf1fbce7548e2dce,Donate,5
33,Chetan Patil,chetanpatil@gmail.com,GBUCDWJIRFDUT25Q4UTW4PELPZ2N5R557PMSYOWUY2SH5DCXSFSXO3SZ,50a736a7072e16e9956d2f6ed1f6222fef07cb0b9fcb692603dfc518399901a5,Donate,4
34,Dhruv Kohli,dhruvkohli@gmail.com,GA373S4INPG2SLPSHZQKIJ33KDOVRTK6JUDUGLC5647QO2SSWBORPQJA,7d61caff4f63a666a144c6863c30f75cd6787e49afeab87242c7045bee91c490,Donate,5
35,Farhan Khan,farhankhan@gmail.com,GAR3XSHJTHCKKQJKTHJMEIAA7I5DXINEYNZJ3O3GQP4QKSXDKBFPVNLU,498515e745582084189ff2f0bdd644d3fce8cdf7560bb28c206f22f509ea3a53,Donate,2
36,Nisha Shetty,nishashetty@gmail.com,GDI22LDTUYK5FRZJQ2TLZTEGGS7ROURI426WIHMUTAHGYCIRLXY34ITV,bb97d37174951afb2b2a4438f0132d6d1fc4c0786c367ef143a763c28fe4b37b,Donate,4
37,Imran Qureshi,imranqureshi@gmail.com,GBVAXUY7GDW2Y34XUE46TXAPNBTAQHQQ2GVKVAA73EHE362UDLX5GGZS,0e093349b8d77e567eb83c383a3fe1cfdc0efccd773afcd27895ab5cae780a2f,Donate,5
38,Jatin Suri,jatinsuri@gmail.com,GASW7PM4UEI25VZN72N6KKECEAVASDYFTMBR4PJYNR5UDE5HI34NNL7R,7b8159cb538687f2c643de5ce903313201b9004ae6a87eb27a4c5d02b1e50697,Donate,5
39,Kunal Dutta,kunaldutta@gmail.com,GAJ4LFHNBUXX5PBOC4EX3FPKCV2CXEKFKVZXOEO74JTINOZVZEOVZMN5,033126ff2fcf52307eb118a503b50eaefdd3da1095b2a87f8fbc8f70d0b44c5f,Donate,4
40,Lokesh Naidu,lokeshnaidu@gmail.com,GDAKVTWGXRB4SSMDUDGC3BZM35IWEAKTTVK6TIUYY72NA6HTZCTFPPA5,dd7fa0c9501189c17c137f3d91825285c3e78f0b81b12a964625f000c41e9b36,Donate,5
41,Mayank Agarwal,mayankagarwal@gmail.com,GB6M5TASLAAPKF2QATARYUZF2F6S3QSKZYLDCZJI3X2OX7HIWET4NNH6,6c12e6029bd12647372e88949de2866960ab1da1adaf90b234be5bc8a500e1aa,Donate,5
42,Naveen Krishnan,naveenkrishnan@gmail.com,GCT3R6KG3D5O7FPNUAMYJKOQLVJI7MW5X42S67PP4SOMW47RANPTTIIN,af792270a0e3ea483b5caebf6eeeb31e9e370813d5d44531d09c78023d9a6455,Donate,3
43,Om Prakash,omprakash@gmail.com,GDGCXPYL6VR4OCH44AADWSVR3BVPBYRKEGSHXXIX53PH4G2JL3MQHNEO,7f84e906b4666c52e514d9672fbfca92567c2912c8f95721237bcf32174194fe,Donate,5
44,Pankaj Rathore,pankajrathore@gmail.com,GC77TEF7GTVYRJC3J5RAWKS7BIVNYQXGXECVN4N7QS7E56HPS3ATQNVQ,0c7953c4056f31db261ff39799cf2658d1fcca81338c0ad8445ae742fba79e7a,Donate,5
45,Ranbir Sethi,ranbirsethi@gmail.com,GCQMWIQCH5R5DRTEQKN52SDOX45SGI2TDLS6BZTMTTPXWJEWVVO2CWGM,52b55bee6ab9c4d095b7c7c3bca5ef7958884d8759b1438f5b8312078bc2e0b6,Donate,4
46,Shreya Ghosh,shreyaghosh@gmail.com,GBDZLR5LGM4SWLCCKKUZENNTHBWMJLFURJ47XIPNSLAJZXAH7VZAI3GN,ae1ebc08e6060fd15ea07e0482a6828ecc3bcd438ce4e7807e6496e60bd32041,Donate,5
47,Tanmay Chatterjee,tanmaychatterjee@gmail.com,GDVKTXWQAINM4UXO3XI45GRBOPDLSHAV4FYRCV3QQS7KUBEULZFFCJ5Y,e7324564842af4ca7dcd451464fa4d4a8422306d8000a63f64a48927d635c661,Donate,5
48,Uday Shankar,udayshankar@gmail.com,GDWN7JTWB3YYY2753L64SCIGD7JIGCKGJLCMXIJM5QH25EY3WAA72MZK,cf5a6e7e3d71e940f67764a14b57d7de61b200ae92324c1c589b9669e9ddb3e8,Donate,4
49,Yuvraj Tomar,yuvrajtomar@gmail.com,GBNNHBSNRCSJ443KKMQJDXWMGXOU3TVKODRT4YT7EABFCFJZJJCKJP4Z,26b613ecaccdd52868533386fef6dcaa80aac7a2b0a3d80be4557437d6de3e51,Donate,3
50,Zubin Khosla,zubinkhosla@gmail.com,GACN6JGAGRPBNGPTJBDWJD5LEU72YPOIMAZXSIJHZSWFLDPTVTSBK3KZ,0453b3e401a8c193ea5a3def9f6d5d5283f60c7d7afacc6ca1d01dee77d70a7d,Donate,5
